ID,createTimeISO,commentCount,diggCount,playCount,shareCount,text,webVideoUrl,Split,Video Name,Risky Behavior
"7,25E+18",2023-07-05T21:52:34.000Z,421700,2300000,35900000,708600,Did you know about these ? #curiosity #facts #randomfacts #learnontiktok #factsyoudidntknow,https://www.tiktok.com/@alwayscuriouss/video/7252455790680771845,Train,1-Did you know about these ？ #curiosity #facts #ra7252455790680771845.mp4,FALSE
"7,40E+18",2024-07-26T06:30:48.000Z,1073,55100,1200000,8705,#grupolibertad #servirparavivir #4toy5topaso #aa #gran #fraternidad #programa #de #recuper #recuperacion #alcohol #destruye #a #ty #y #a #la #familia,https://www.tiktok.com/@grupolibertadserv/video/7395828208001715462,Train,2-#grupolibertad #servirparavivir #4toy5topaso #aa7395828208001715462.mp4,FALSE
"7,39E+18",2024-07-19T12:36:30.000Z,6619,639400,14400000,51100,لازم نحسب حسابها ✔️,https://www.tiktok.com/@_zh5/video/7393324860778286354,Train,3-لازم نحسب حسابها ✔️7393324860778286354.mp4,FALSE
"7,23E+18",2023-05-11T10:31:55.000Z,54,10100,661300,243,Eto nakahelp sakin 😍 #weightloss #weightlosscheck #bodybuilding #caloriedeficit #fasting #exercise #workout #workoutplan #sexy #bodytransformation #endlessjourney #fyp #fypシ゚viral #foryou #foryoupage #fitness #fitnessmotivation,https://www.tiktok.com/@jocelle_001/video/7231870695477726469,Train,4-Eto nakahelp sakin 😍 #weightloss #weightlosschec7231870695477726469.mp4,FALSE
"7,23E+18",2023-05-09T18:12:36.000Z,26,909,149200,72,sMokEr Girl Lip Be Like😏🔥#browngirl🔥🥵 #naturalbeauty❤️,https://www.tiktok.com/@sabahatkhan7385/video/7231247252486917382,Train,5-sMokEr Girl Lip Be Like😏🔥#browngirl🔥🥵 #naturalbe7231247252486917382.mp4,TRUE
"7,42E+18",2024-09-18T11:11:32.000Z,98,35600,200700,818,,https://www.tiktok.com/@its.cigarette/video/7415939157635255559,Train,6-TikTok video #74159391576352555597415939157635255559.mp4,FALSE
"7,35E+18",2024-03-15T14:25:19.000Z,1867,299800,2400000,8871,heyheyhey guess what!! shoulder workout😎 #gymtok #workout,https://www.tiktok.com/@sophiazipay/video/7346595953501195566,Train,7-heyheyhey guess what!! shoulder workout😎 #gymtok7346595953501195566.mp4,FALSE
"7,42E+18",2024-10-01T19:13:09.000Z,3,146,5267,13,"During the holidays, I stay at home, sleeping upstairs and watching the scenery, cooking and watching TV series downstairs. Half of it is poetry, and half of it is cigarettes.",https://www.tiktok.com/@shahjahan4709/video/7420887367910739243,Train,"8-During the holidays, I stay at home, sleeping up7420887367910739243.mp4",FALSE
7360995121963273505,2024-04-23T09:40:42.000Z,728,159800,783100,57700,#trending #relatable #real #drunktok #drinkingtok #alcohol #alcoholic #blackoutdrunk #drinking #blackout #clubbing #goingout #party #partying #howlifefeels #life #drunkaf #toodrunk #livinglife #dreamlife,https://www.tiktok.com/@eybmk/video/7360995121963273505,Train,9-#trending #relatable #real #drunktok #drinkingto7360995121963273505.mp4,TRUE
"7,27E+18",2023-08-20T14:55:57.000Z,65,8435,639300,1643,Boiled eggs diet #viraltiktok #eggdiet #crew07 #fypシ #dietplanner13,https://www.tiktok.com/@dietplanner13/video/7269418357508541701,Train,10-Boiled eggs diet #viraltiktok #eggdiet #crew07 #7269418357508541701.mp4,FALSE
"7,40E+18",2024-07-25T00:04:07.000Z,4808,304100,7800000,22600,#fyp #gym #gymshark #gymtok #gymrat #gymnastics #gymmotivation #gluteworkout,https://www.tiktok.com/@jr.dksptr/video/7395357478063541510,Train,11-#fyp #gym #gymshark #gymtok #gymrat #gymnastics 7395357478063541510.mp4,FALSE
"7,42E+18",2024-09-28T18:20:04.000Z,497,276200,1200000,6303,ARE YOUR CONVERSATIONS COOL LIKE ARE YOU EVEN INTERESTED #tsoutour #gracieabrams #thesecretofustour #gracieabramstour #blowingsmokegracieabrams,https://www.tiktok.com/@aminaontour/video/7419760438675574058,Train,12-ARE YOUR CONVERSATIONS COOL LIKE ARE YOU EVEN IN7419760438675574058.mp4,FALSE
7166316877713624346,2022-11-15T18:49:43.000Z,89,22200,572300,1545,cigarette kiss? 🫦#chainsawman #akihayakawa #himeno,https://www.tiktok.com/@zaynes__/video/7166316877713624346,Train,13-cigarette kiss? 🫦#chainsawman #akihayakawa #himeno7166316877713624346.mp4,TRUE
7348958167293857066,2024-03-21T23:11:11.000Z,23400,2500000,28100000,123100,"Alcohol withdrawal, real life, alcohol awareness— Do not ever quit drinking alcohol, cold turkey",https://www.tiktok.com/@scottfreda/video/7348958167293857066,Train,"14-Alcohol withdrawal, real life, alcohol awareness7348958167293857066.mp4",TRUE
"7,40E+18",2024-08-11T00:01:54.000Z,241,176200,1100000,15200,"es lo mas bonito que he visto, menos mal que se ha grabado #cerveza #alcoholismo #alcohol #estrella #nostalgia",https://www.tiktok.com/@abelgrandes/video/7401665296173452577,Train,"15-es lo mas bonito que he visto, menos mal que se 7401665296173452577.mp4",TRUE
"7,30E+18",2023-11-11T00:40:00.000Z,6896,1900000,35800000,68500,PART 5 - Best of Zach Choi Foods - MUKBANG - COOKING - ASMR #50 #zachchoi  #foodasmrvideo  #asmrfoodie  #foodsound  #eatingshow  #asmreatingsounds  #mukbangeatingshow  #cookingtiktok,https://www.tiktok.com/@usdailynewstoday/video/7299950452928417070,Train,16-PART 5 - Best of Zach Choi Foods - MUKBANG - COO7299950452928417070.mp4,TRUE
7398412630601288991,2024-08-02T05:39:53.000Z,19500,3000000,15200000,453800,I’ll take 2 of your entire stock #beer #corona #alcohol #modelotime,https://www.tiktok.com/@seb.topaga/video/7398412630601288991,Train,17-I’ll take 2 of your entire stock #beer #corona #7398412630601288991.mp4,TRUE
"7,24E+18",2023-05-27T20:43:21.000Z,3476,1700000,14900000,257800,just can’t resist him anymore 🫣🥂 #relationship #relationshiptiktok #couplecomedy #bf #gf #couple #relatable #relationships #relationshipproblems #dinnerdate #date #cute #relatablerelationships,https://www.tiktok.com/@arwinclara/video/7237965609810578715,Train,18-just can’t resist him anymore 🫣🥂 #relationship #7237965609810578715.mp4,TRUE
7340494947616967979,2024-02-28T03:49:38.000Z,3564,290600,2200000,5515,A Quiet Skull #autism #asd #mentalhealth #aspergers #wellness #selfimprovement #alcohol,https://www.tiktok.com/@fritzthedev/video/7340494947616967979,Train,19-A Quiet Skull #autism #asd #mentalhealth #asperg7340494947616967979.mp4,TRUE
"7,31E+18",2023-11-27T13:28:42.000Z,136,10400,5200000,3434,"Você não deve fumar durante a sua gestação em hipótese alguma! Fumar durante a gravidez é desaconselhável porque a exposição ao tabaco pode causar sérios riscos à saúde do feto. As substâncias tóxicas do cigarro, como nicotina e monóxido de carbono, podem levar a complicações como parto prematuro, baixo peso ao nascer, danos ao desenvolvimento pulmonar e problemas de saúde a longo prazo para o bebê. Além disso, o tabagismo durante a gravidez está associado a um aumento do risco de complicações maternas, como pré-eclâmpsia e complicações no parto. Parar de fumar é crucial para promover a saúde tanto da mãe quanto do bebê. #gravidezgestante #gestacao #gravida #fumantes #saudedobebe #obstetra #medicina #clinica #parto #maternidade #gestacao #gravidas #gravidez #obstetricia #maringa #meme #saude",https://www.tiktok.com/@isiscaputti/video/7306133295471873285,Train,20-Você não deve fumar durante a sua gestação em hi7306133295471873285.mp4,TRUE
7411497883800735008,2024-09-06T11:57:21.000Z,604,367300,2100000,171200,#drunktok #drinktok #drinkingtok #real #relatable #alcohol #alcoholic #onlyliveonce #goingout #nightout #thisisyoursign #yoursign #sign #weekend #friday,https://www.tiktok.com/@eybmk/video/7411497883800735008,Train,21-#drunktok #drinktok #drinkingtok #real #relatabl7411497883800735008.mp4,TRUE
"7,38E+18",2024-06-24T20:31:07.000Z,1602,317700,1400000,64000,?? #smoke #neversober #forever #fypシ #friends #music #foryoupage #endlos #yolo #germany #adidas #sommer #place,https://www.tiktok.com/@user23163523163/video/7384170028385439009,Train,22-？？ #smoke #neversober #forever #fypシ #friends #m7384170028385439009.mp4,TRUE
"7,39E+18",2024-07-08T12:55:04.000Z,9940,1500000,19700000,426900,"You won't believe what I caught in Las Vegas! 🎥😲  Behind the sweet face of Minnie Mouse, a hilarious secret: an older Mexican dude taking a smoke break! 😂👀  #LasVegas #MinnieMouseRevealed #OnlyInVegas #disney #waltdisneyworld #minniemouse #mickeymouse #viral #tiktok #funny",https://www.tiktok.com/@albertovaz1111/video/7389247676157725998,Train,23-You won't believe what I caught in Las Vegas! 🎥😲7389247676157725998.mp4,TRUE
"7,42E+18",2024-10-01T20:32:02.000Z,1,112,577,0,my current relationship with alcohol🫶🏼 cheers🍻😉  #alcohol #fitness #lifestyle,https://www.tiktok.com/@lucefit_/video/7420907675120045344,Train,24-my current relationship with alcohol🫶🏼 cheers🍻😉 7420907675120045344.mp4,FALSE
7399815959357181217,2024-08-06T00:25:29.000Z,511,185100,839600,20000,why is it like this #fyp #foryou #alcohol,https://www.tiktok.com/@poopyweewees/video/7399815959357181217,Train,25-why is it like this #fyp #foryou #alcohol 7399815959357181217.mp4,TRUE
"7,41E+18",2024-08-29T21:20:58.000Z,972,916500,7500000,31500,dumbbell workouts are amazing @DFYNE #gymtok #glutesworkout #fyp,https://www.tiktok.com/@anisiafromsprouts/video/7408674507424009515,Train,26-dumbbell workouts are amazing @DFYNE #gymtok #gl7408674507424009515.mp4,FALSE
"7,42E+18",2024-09-26T18:04:13.000Z,5962,652900,4200000,53100,Es tan relajante estar a su lado! ✝️🥰 #tiktokcristiano,https://www.tiktok.com/@mitodopoderoso1/video/7419014184509181216,Train,27-Es tan relajante estar a su lado! ✝️🥰 #tiktokcri7419014184509181216.mp4,FALSE
"7,15E+18",2022-10-02T00:48:05.000Z,859,240300,1400000,7345,and i’m the smoker | #sbmwr #miguel #viral #fy #foryou #lyrics #fyp #song #music #lyricsvideo #paravoce,https://www.tiktok.com/@sbmwr/video/7149710412072668422,Train,28-and i’m the smoker ｜ #sbmwr #miguel #viral #fy #7149710412072668422.mp4,FALSE
"7,26E+18",2023-07-17T12:24:48.000Z,39200,3200000,71200000,837300,#reflexion #familia #vicio #motivacion #enfoque #exito #vivealmaximo #amorproprio #relaciones #parati #fyp,https://www.tiktok.com/@alvin6644/video/7256762335975525674,Train,29-#reflexion #familia #vicio #motivacion #enfoque 7256762335975525674.mp4,FALSE
"7,37E+18",2024-05-24T12:40:34.000Z,1850,597700,5600000,25900,I've been drinking more alcohol for the past five days  #foryoupage #song #people #cover #lyrics #4u #xybca,https://www.tiktok.com/@letsthrown/video/7372545134564592914,Train,30-I've been drinking more alcohol for the past fiv7372545134564592914.mp4,TRUE
"7,41E+18",2024-09-03T20:44:01.000Z,318,274900,2000000,8078,everything is 3x10 !! i hope you guys love this workout as much as i do 🤍 @DFYNE #workout #dumbbellworkout #gymtok #fyp #CapCut,https://www.tiktok.com/@anisiafromsprouts/video/7410520404508527918,Train,31-everything is 3x10 !! i hope you guys love this 7410520404508527918.mp4,FALSE
7390056916870810913,2024-07-10T17:15:18.000Z,1460,603000,2200000,96600,Give me a pint 🍻 #relatable #drink #alcohol #fyp #funny,https://www.tiktok.com/@ronanny_lad/video/7390056916870810913,Train,32-Give me a pint 🍻 #relatable #drink #alcohol #fyp7390056916870810913.mp4,TRUE
"7,37E+18",2024-05-07T14:31:07.000Z,380,125100,1300000,4192,Win or lose… dont quit. #gymmotivation #motivation #gym #gymtok #quotes #dontgiveup #muscle #workout #real #relatable #viral #fyp #capcut #CapCut,https://www.tiktok.com/@dyl_sayers/video/7366265165844679952,Train,33-Win or lose… dont quit. #gymmotivation #motivati7366265165844679952.mp4,FALSE
"7,37E+18",2024-05-15T11:16:57.000Z,1629,359300,31900000,13900,Cohiba factory #asmr #asmrvideo #howto #puros,https://www.tiktok.com/@egmcigars/video/7369183804109360417,Train,34-Cohiba factory #asmr #asmrvideo #howto #puros 7369183804109360417.mp4,TRUE
"7,10E+18",2022-05-09T23:15:26.000Z,23200,2900000,20800000,17900,Wait till the end! 🇮🇳🤣🇮🇳🤣 #LearningLanguages #LearnEnglish,https://www.tiktok.com/@ifluent/video/7095879209968520454,Train,35-Wait till the end! 🇮🇳🤣🇮🇳🤣 #LearningLanguages #Le7095879209968520454.mp4,FALSE
"7,15E+18",2022-09-26T14:44:36.000Z,3,372,5095,2,,https://www.tiktok.com/@cigarettes.shelby/video/7147699483852197121,Train,1-TikTok video #71476994838521971217147699483852197121.mp4,FALSE
"7,42E+18",2024-09-19T12:54:28.000Z,6136,586800,13300000,10300,Eat 10% to 100% stek🥩🥩 #foodtiktok #videotiktok #mokbangtiktok #food #stek​,https://www.tiktok.com/@pha_neth.food/video/7416336754493377834,Train,2-Eat 10% to 100% stek🥩🥩 #foodtiktok #videotiktok 7416336754493377834.mp4,TRUE
7335889358391889198,2024-02-15T17:58:15.000Z,2285,698100,4300000,19700,orrrrr try some nicotine mints to get off the vape. $10 off with code TIKTOK #quitvaping #Meme #vaping #nicotine #stopsmoking #quitwithjones,https://www.tiktok.com/@quitwithjones/video/7335889358391889198,Train,3-orrrrr try some nicotine mints to get off the va7335889358391889198.mp4,TRUE
"7,17E+18",2022-11-30T07:23:36.000Z,824,324800,25500000,150400,train with me#homeworkout #dailyworkout #train #aerobics #kuasuhelmet,https://www.tiktok.com/@fitness_maaan/video/7171706351524121862,Train,4-train with me#homeworkout #dailyworkout #train #7171706351524121862.mp4,FALSE
"7,41E+18",2024-09-05T03:02:38.000Z,407,168000,792400,5671,I cry myself to sleep #idontsmoke #mitski #vent #lyrics #sad #fyp #xyzbca,https://www.tiktok.com/@jinxx._1/video/7410989053618703624,Train,5-I cry myself to sleep #idontsmoke #mitski #vent 7410989053618703624.mp4,FALSE
"7,32E+18",2024-01-04T13:01:37.000Z,935,258100,4900000,10800,siapa yang tahun 2023 gagal diet  ? #dietif #tipsdietsehat #lostweighttips,https://www.tiktok.com/@racunbygadiss/video/7320227558795054341,Train,6-siapa yang tahun 2023 gagal diet  ？ #dietif #tip7320227558795054341.mp4,FALSE
"7,22E+18",2023-04-11T06:06:49.000Z,5074,78600,10300000,27700,ASMR MUKBANG SEAFOOD  #mukbang #asmr #makanpedas #koreanmukbang #koreanmukbang🇰🇷 #mukbangs #mukbangvideo #mukbangkorea #makananpedas #KenikmatanHakikiRamadan #매운음식 #asmrfood #gongsam #seafood #seafoodshow #seafoodasmr,https://www.tiktok.com/@princewhizky/video/7220669796097068314,Train,7-ASMR MUKBANG SEAFOOD  #mukbang #asmr #makanpedas7220669796097068314.mp4,TRUE
"7,25E+18",2023-06-29T17:28:23.000Z,43,4995,123100,606,Smoking Black cristal#Lucasilvalffaiate #tiktokmefezassistir #tudum #altacostura #exclusivo #lucasilvacouture,https://www.tiktok.com/@lucas.silva_alfaiate/video/7250161211600293126,Train,8-Smoking Black cristal#Lucasilvalffaiate #tiktokm7250161211600293126.mp4,FALSE
"7,41E+18",2024-09-10T13:57:08.000Z,2507,870500,5700000,15500,anw ini video waktu badan aku 58🙌🏻 #dietjourney #fatloss,https://www.tiktok.com/@onanadiet/video/7413013135197900037,Train,9-anw ini video waktu badan aku 58🙌🏻 #dietjourney 7413013135197900037.mp4,FALSE
"7,40E+18",2024-08-06T10:10:35.000Z,37800,2000000,21600000,180200,Write me on insta for my split 💀🏆🇩🇪 #training #natty #gymrat #gymtok #german #workout #veins #sixpack #trainingsmotivation #gymnotivation #workoutmotivation #motivation #diet #barca #goals #passion #explore #20yearsold,https://www.tiktok.com/@wasserarmjoe/video/7399966765150735648,Train,10-Write me on insta for my split 💀🏆🇩🇪 #training #n7399966765150735648.mp4,FALSE
"7,28E+18",2023-09-22T15:56:22.000Z,18,8430,829800,341,Tip #viral #maskoff #rolling #art #foryou #tips #tutorial,https://www.tiktok.com/@csc_koeln/video/7281679726614170913,Train,11-Tip #viral #maskoff #rolling #art #foryou #tips 7281679726614170913.mp4,FALSE
"7,42E+18",2024-10-01T18:20:05.000Z,4,326,4748,37,#CapCut  mi egocéntrico y yo  #garenafreefireofficial #frases_aesthetic #edit #cigarette #musica,https://www.tiktok.com/@vangeancedd/video/7420873685713652997,Train,12-#CapCut  mi egocéntrico y yo  #garenafreefireoff7420873685713652997.mp4,FALSE
7405135595682483488,2024-08-20T08:28:20.000Z,445,240200,1100000,69000,#drinktok #drunktok #real #drinkingtok #relatable #drunktiktok #alcohol #goingout #alcoholic #nightout #thisisyoursign #sign #onlyliveonce,https://www.tiktok.com/@eybmk/video/7405135595682483488,Train,13-#drinktok #drunktok #real #drinkingtok #relatabl7405135595682483488.mp4,TRUE
"7,42E+18",2024-10-02T07:04:06.000Z,3,121,4149,15,#coreworkout #workout #homeworkout #gym #fit,https://www.tiktok.com/@workout_2024_/video/7421070580234898706,Train,14-#coreworkout #workout #homeworkout #gym #fit 7421070580234898706.mp4,FALSE
7420839431843679520,2024-10-01T18:00:00.000Z,2,387,4451,19,Une cigarette électronique a explosé dans un avion ! #avion #cigarette #insolite,https://www.tiktok.com/@demotivateur_fr/video/7420839431843679520,Train,15-Une cigarette électronique a explosé dans un avi7420839431843679520.mp4,TRUE
"7,38E+18",2024-06-24T23:23:30.000Z,3184,161400,4400000,33500,🥗 Baja de peso con estos alimentos #diet #comida #saludable #salud #bajadepeso #pierdepeso #pierdegrasa #abs #abdomen #abdomenplano #nutrition #nutricionista #nutrition #huevo #cafe #usa #tiktok,https://www.tiktok.com/@martinfitpro.1/video/7384214451358141702,Train,16-🥗 Baja de peso con estos alimentos #diet #comida7384214451358141702.mp4,FALSE
"7,34E+18",2024-02-27T18:21:17.000Z,17200,941800,7800000,19800,@Deros☃️ 💀🙏🏿#trending #fyp #fyppppppppppppppppppppppp #fyp #betterlatethannever #food #cook #cooked #science #test #exam #relatble #relatblethoughts,https://www.tiktok.com/@cattwwssx/video/7340348520513195269,Train,17-@Deros☃️ 💀🙏🏿#trending #fyp #fypppppppppppppppppp7340348520513195269.mp4,FALSE
"7,30E+18",2023-11-07T23:14:43.000Z,0,3,279,0,,https://www.tiktok.com/@alcohol.and/video/7298862606725451013,Train,18-TikTok video #72988626067254510137298862606725451013.mp4,FALSE
7420856866110049568,2024-10-01T17:14:50.000Z,80,8550,48600,5685,😂😂😂 #slime2k #denzelwashington #flight #drunk #alcohol #sesh #afters #kickons #fyp #comedy #viral #foryou #foryoupage,https://www.tiktok.com/@slime2k/video/7420856866110049568,Train,19-😂😂😂 #slime2k #denzelwashington #flight #drunk #a7420856866110049568.mp4,TRUE
"7,36E+18",2024-04-12T04:41:11.000Z,5054,176800,2900000,22200,"Smoking cigarettes is not only harmful to your health, but it’s also invasive to those around you. The smoke, smell, and chemicals are going inside and affecting everyone. Let’s all make the choice to quit and prioritize our well-being | Ft @hsxsheikhx |  #Allah #quran #fyp #awakenyouth #safaarmy",https://www.tiktok.com/@hsxsheikhx/video/7356836024036707590,Train,20-Smoking cigarettes is not only harmful to your h7356836024036707590.mp4,FALSE
"7,16E+18",2022-11-05T09:17:43.000Z,12600,1500000,11900000,27400,#fyp #foryou #viral #relatable #xyzbca,https://www.tiktok.com/@arrgito/video/7162458637191941382,Train,21-#fyp #foryou #viral #relatable #xyzbca 7162458637191941382.mp4,TRUE
"7,42E+18",2024-10-03T12:56:10.000Z,51,780,3896,0,ความฝันมันก็ต่างจากชีวิตจริง🖤#smoke #sts73 #เพลงใหม่มาแรง #เพลงฮิตtiktok #เห็นคลิปนี้ตอนกี่โมง #nonglek😎 #40y #ขึ้นฟีดใครบ้างรึป่าวฮะ,https://www.tiktok.com/@nonglek7898/video/7421532402427628818,Train,22-ความฝันมันก็ต่างจากชีวิตจริง🖤#smoke #sts73 #เพลง7421532402427628818.mp4,FALSE
"7,39E+18",2024-07-23T18:15:00.000Z,208,51200,4200000,5624,How to Setup a Cigarette Live Wallpaper on iPhone #apple #iphone #wallpaper #livewallpaper #cigarettelivewallpaper #mobolist #mobolistapp,https://www.tiktok.com/@mobolistcom/video/7394613194318171410,Train,23-How to Setup a Cigarette Live Wallpaper on iPhon7394613194318171410.mp4,TRUE
"7,10E+18",2022-05-31T21:39:27.000Z,143,36400,301500,115,bang🔥,https://www.tiktok.com/@cigarettes.shelby/video/7104018349381668101,Train,24-bang🔥7104018349381668101.mp4,TRUE
"7,34E+18",2024-02-13T14:31:53.000Z,7939,1900000,65500000,339900,Do it before sleep & see what happens to your belly fat #musculation #bellyfat #bellyfatworkout #abs #workoutfitness,https://www.tiktok.com/@workoutfitnesssport/video/7335094218974563616,Train,25-Do it before sleep & see what happens to your be7335094218974563616.mp4,FALSE
"7,03E+18",2021-11-20T16:03:55.000Z,619,67200,658800,1982,idk why i smiled like that,https://www.tiktok.com/@jeslyncontent/video/7032683536276540699,Train,26-idk why i smiled like that7032683536276540699.mp4,TRUE
"7,33E+18",2024-02-06T18:21:33.000Z,23600,1200000,22700000,164400,GLUTES WORKOUT: NO SQUATS knee friendly but still hard af hip thrust 15 × 4 hold last rep 5 seconds reverse lunges 12 × 4 single leg bridge 10 × 4 RDL 12× 5 standing abduction 20 × 4 glute kickbacks 25 × 4 If you are looking for more guidance on training - I have full home and gym plans available!  #workout #gym #fitness #lifestyle #trending,https://www.tiktok.com/@timreal/video/7332555635168480554,Train,27-GLUTES WORKOUT： NO SQUATS knee friendly but stil7332555635168480554.mp4,FALSE
"7,22E+18",2023-04-09T01:20:04.000Z,3838,445000,7100000,80700,Everytime i start a diet  كل مرة أحاول أبدأ ريجيم 😓 #dietmemes #funnyvideos #animetiktok,https://www.tiktok.com/@chaladamonada/video/7219853772204281094,Train,28-Everytime i start a diet  كل مرة أحاول أبدأ ريجي7219853772204281094.mp4,TRUE
"7,16E+18",2022-10-16T17:51:38.000Z,62400,13700000,176800000,419500,How to Cook The Perfect Steak🔥... and Chips #menwiththepot #foodporn #fyp #foryou #asmr #nature #fire #steak #4u,https://www.tiktok.com/@menwiththepot/video/7155169389308939526,Train,29-How to Cook The Perfect Steak🔥... and Chips #men7155169389308939526.mp4,TRUE
"7,39E+18",2024-07-06T19:00:59.000Z,1,58,1993,0,Então me tira o medo 😭 #paz #deus #espiritosanto #proposito #tenhafé #cristoteama #féemdeus #jesus #fé #jesuscristo,https://www.tiktok.com/@smoking.ff/video/7388599838490758405,Train,30-Então me tira o medo 😭 #paz #deus #espiritosanto7388599838490758405.mp4,FALSE
"7,33E+18",2024-01-22T15:08:43.000Z,8339,679800,16900000,26900,Could you eat all this??? 🤩🤤 #libertineburger #chef #restaurant #lunch #takeaway #leamingtonspa #burgers #macncheese #yummyfood #dishupdinnerwithme #fastfood,https://www.tiktok.com/@libertineburger/video/7326939814740184352,Train,31-Could you eat all this？？？ 🤩🤤 #libertineburger #c7326939814740184352.mp4,TRUE
"7,42E+18",2024-10-01T17:17:41.000Z,1838,117600,1900000,10300,New sandwich from burger king 🍔👑 #mukbang #asmr #asmrmukbang #asmrsounds #eat #food #Foodie moe eats #yummy #cheese #chicken #burger #fries #burgerking @Burger King,https://www.tiktok.com/@moeeatss/video/7420857600264146182,Train,32-New sandwich from burger king 🍔👑 #mukbang #asmr 7420857600264146182.mp4,TRUE
"7,35E+18",2024-03-27T15:58:05.000Z,1134,99400,612100,3059,yahh bro #estetik #workout,https://www.tiktok.com/@skidipace/video/7351073097912503557,Train,33-yahh bro #estetik #workout 7351073097912503557.mp4,FALSE
"7,35E+18",2024-04-04T18:41:15.000Z,4220,2100000,26400000,324600,Chicken taquitos 🤤😋 #taquitos #chickentaquitos #dinner #dinnerideas #dinnertime #food #foodtok,https://www.tiktok.com/@cookinwithmegg/video/7354083794485366062,Train,34-Chicken taquitos 🤤😋 #taquitos #chickentaquitos #7354083794485366062.mp4,TRUE
"7,42E+18",2024-09-28T19:13:38.000Z,437,117000,675200,12100,Dont smoke #dontsmoke #reletable #neymar #goodvibes💕 #neveragain #fyp,https://www.tiktok.com/@f00tballislife__/video/7419774221246680353,Train,35-Dont smoke #dontsmoke #reletable #neymar #goodvi7419774221246680353.mp4,FALSE
"7,32E+18",2024-01-11T13:50:54.000Z,749,47000,1800000,1098,Sebelum tau cara diet yang benar 😅 #fyp #berhasildiet #tipsdiet #weightloss #motivasidiet,https://www.tiktok.com/@mellinavanesa/video/7322837859814296837,Train,1-Sebelum tau cara diet yang benar 😅 #fyp #berhasi7322837859814296837.mp4,FALSE
"7,41E+18",2024-08-20T13:34:21.000Z,1615,537000,2700000,230500,#alcohol #symphony #viral #solution #fyp #foryou #foryoupage #goviral #goviraltiktok #perte,https://www.tiktok.com/@_a__r_t_/video/7405214470684888353,Train,2-#alcohol #symphony #viral #solution #fyp #foryou7405214470684888353.mp4,TRUE
"7,37E+18",2024-05-19T19:20:34.000Z,493,227600,1100000,54200,Byeeee el isa #isagregg #peda #fyp #fiesta #alcohol #mexico,https://www.tiktok.com/@julietaaa926/video/7370792793372937478,Train,3-Byeeee el isa #isagregg #peda #fyp #fiesta #alco7370792793372937478.mp4,FALSE
"7,23E+18",2023-05-07T05:35:30.000Z,954,290000,4500000,5654,Bodyweight workout. Credit: Unknown name.  #explosivetraining #fitnessmotivation,https://www.tiktok.com/@explosive_training/video/7230309970628201735,Train,4-Bodyweight workout. Credit： Unknown name.  #expl7230309970628201735.mp4,FALSE
"7,34E+18",2024-02-27T19:03:53.000Z,95500,7100000,90200000,220000,A delicious glass of water from the east blue 👨‍🍳🏴‍☠️💧 #sanji #onepiece #fun #water #easyrecipes #Anime #manga #recipe #foodkagechris #asmr #TikTokFood #fy,https://www.tiktok.com/@foodkagechris/video/7340359509329628448,Train,5-A delicious glass of water from the east blue 👨‍7340359509329628448.mp4,FALSE
"7,41E+18",2024-09-03T15:23:24.000Z,951,69800,566100,32700,#amor #frase #dedicarvideos♡ #romance #pareja #tu #teamo #novios #cry #cigarettes #after #canciones #musica #estadosparawhatsapp #flores #lluvia #tequiero,https://www.tiktok.com/@sr.sak/video/7410437729982483717,Train,6-#amor #frase #dedicarvideos♡ #romance #pareja #t7410437729982483717.mp4,FALSE
"7,40E+18",2024-08-11T13:41:15.000Z,3749,939300,6300000,28100,This has become my fav meal🎀#model #diet #whatiate #chia #victoriassecret #modeldiet #slavicdoll,https://www.tiktok.com/@lenadiaaaa/video/7401876487789366560,Train,7-This has become my fav meal🎀#model #diet #whatia7401876487789366560.mp4,FALSE
"7,37E+18",2024-05-31T00:38:23.000Z,435,200400,950300,8355,,https://www.tiktok.com/@ybaligha/video/7374956539737656608,Train,8-TikTok video #73749565397376566087374956539737656608.mp4,FALSE
"7,17E+18",2022-11-26T11:06:28.000Z,2357,842000,38400000,49600,😋😋Eggs are so delicious.#fyp #foryou #cate #cooking #food #familyfood  #deliciousfood #homecooking #familycuisine,https://www.tiktok.com/@familycuisine8916/video/7170279102115613994,Train,9-😋😋Eggs are so delicious.#fyp #foryou #cate #cook7170279102115613994.mp4,FALSE
"7,42E+18",2024-10-03T16:38:51.000Z,1,1429,13200,11,For the night// #popsmoke #23h09mn #lyrics #fyp,https://www.tiktok.com/@23h.09mn/video/7421589759518100742,Train,10-For the night⧸⧸ #popsmoke #23h09mn #lyrics #fyp 7421589759518100742.mp4,FALSE
"7,18E+18",2022-12-27T12:05:18.000Z,47,8439,197800,239,𝘾𝙞𝙜𝙖𝙧𝙚𝙩𝙩𝙚 𝘿𝙪𝙚𝙩 - 𝙋𝙧𝙞𝙣𝙘𝙚𝙨𝙨 𝘾𝙝𝙚𝙡𝙨𝙚𝙖🎶 #lyrics #fyp #melaniechill #demoxamxi,https://www.tiktok.com/@melanie_lyrics/video/7181798268534279451,Train,11-𝘾𝙞𝙜𝙖𝙧𝙚𝙩𝙩𝙚 𝘿𝙪𝙚𝙩 - 𝙋𝙧𝙞𝙣𝙘𝙚𝙨𝙨 𝘾𝙝𝙚𝙡𝙨𝙚𝙖🎶 #lyrics #fyp 7181798268534279451.mp4,TRUE
"7,24E+18",2023-06-15T00:59:46.000Z,8173,3100000,23500000,207300,,https://www.tiktok.com/@frankiejustchillin/video/7244711206101978414,Train,12-TikTok video #72447112061019784147244711206101978414.mp4,TRUE
"7,32E+18",2024-01-17T06:29:58.000Z,7085,2800000,51600000,10100,#tiktokfood #asmr @いくら　はんばーぐ&おむらいすのお店,https://www.tiktok.com/@bayashi.tiktok/video/7324950731235003666,Train,13-#tiktokfood #asmr @いくら　はんばーぐ&おむらいすのお店 7324950731235003666.mp4,TRUE
"7,41E+18",2024-09-15T06:08:20.000Z,10300,758100,9500000,89300,"Trying @Chipotle smoked brisket burrito, bowl, & quesadilla with a side of BEEP 🔥 #chipotle #smokedbrisket #burrito #quesadilla #cheeselover #picklequeen #foodie #mukbang #mukbangeatingshow #mukbangvideo #foodreview #honestreview #riymaeatz",https://www.tiktok.com/@itsriyma/video/7414747736542661931,Train,"14-Trying @Chipotle smoked brisket burrito, bowl, &7414747736542661931.mp4",TRUE
"7,34E+18",2024-02-15T16:42:41.000Z,1349,471600,2300000,6565,#relatable #trending #real #liveyourbestlife #lifeisgood #drunktok #drunkaf #drinkingtiktok #drinktok #drinking #alcohol #alcoholic #blackoutdrunk #howlifefeels #life #nightout,https://www.tiktok.com/@eybmk/video/7335870078757424417,Train,15-#relatable #trending #real #liveyourbestlife #li7335870078757424417.mp4,TRUE
"7,34E+18",2024-02-15T12:25:38.000Z,23100,375900,6200000,7385,Raspberry cake 🍋 #fyp #gym #diet #cake,https://www.tiktok.com/@pookieateacookie/video/7335803851557096722,Train,16-Raspberry cake 🍋 #fyp #gym #diet #cake7335803851557096722.mp4,TRUE
"7,15E+18",2022-09-26T09:11:03.000Z,29000,5700000,124700000,80000,Была проделана огромная работа. Эта версия под музыку. Есть еще с озвучкой. Будете смотреть? #jewelry #jeweller #gold #ювелир #ювелирныеукрашения #ювелирныеизделия #золото,https://www.tiktok.com/@rish_art/video/7147613480680525058,Train,17-Была проделана огромная работа. Эта версия под м7147613480680525058.mp4,FALSE
"7,38E+18",2024-06-03T12:52:27.000Z,2755,173200,4700000,22900,مطعم @Bait AlKataKit | بيت الكتاكيت  حملو التطبيق يوجد عروض استخدمو كود علمني شغلهم لذيذ 😍(Ad),https://www.tiktok.com/@a.7oop/video/7376259047328206088,Train,18-مطعم @Bait AlKataKit ｜ بيت الكتاكيت  حملو التطبي7376259047328206088.mp4,TRUE
"7,36E+18",2024-05-02T15:22:30.000Z,4519,1200000,42100000,33300,"Dana İncik - Veal Shank Video: @chefganicaglar 👨🏽‍🍳 Malzemeler: - Dana incik 3-4 kg - Yaş kekik otu - Kapya biber - Patlıcan - Yeşil biber - Soğan - Sarımsak - Tereyağı - Tane karabiber - Pul biber - Kimyon - Tuz Materials:  - Veal shank 3-4 kg  - Fresh thyme herb  - Capia pepper  - Aubergine  - Green pepper  - Onion - Garlic  - Butter  - Black peppercorns  - Chili pepper  - Cumin  - Salt Not: Dana inciği ateşte 2 saat ısıttığımız taşlar üzerine koyup közle kapatıyor en son üstünü kuru otlar ve daha sonra toprakla kapatıp üzerinde 2  saat yanacak bir ateş yakıyoruz bol köz yapıyoruz. Tam bir gün sonra aynı saatlerde yemeğimizi gopraktan çıkarıyoruz. Bu yemeğin lezzetli olabilmesi için toprak altında tam bir gün közde beklemesi gerekiyor.  Afiyet olsun.❤️ Note: We put the veal shank on stones that we heated over the fire for 2 hours and cover it with embers. Lastly, we cover it with dry herbs and then soil and light a fire that will burn for 2 hours and create plenty of embers. Exactly one day later, we take our food out of the gopra at the same time. In order for this dish to be delicious, it needs to sit underground in embers for a full day.  Bon appetit.❤️ #chef #food #yemek #steak #adventure #adventures #asmrvideo #asmr #survivor #nature #kesfet #foodvideo #cooking #relaxing #camping #camp #outdoors #outdoor #chefstalk #chefganicaglar #öneçıkar #tiktokfood #new #newvideo",https://www.tiktok.com/@chefganicaglar/video/7364423004509457669,Train,19-Dana İncik - Veal Shank Video： @chefganicaglar 👨7364423004509457669.mp4,FALSE
"6,99E+18",2021-07-22T00:51:38.000Z,21600,4800000,38300000,149500,Responder a @pauso_videosl._.l #sinlicor #mocktail #pecera #saborestiktok #latinodrinktok #drinks #coctel #coctelesencasa #foryou #parati,https://www.tiktok.com/@jotape_drinks/video/6987547119880129797,Train,20-Responder a @pauso_videosl._.l #sinlicor #mockta6987547119880129797.mp4,TRUE
"7,38E+18",2024-06-09T00:06:26.000Z,4185,609200,11700000,2553,Replying to @peterpop49 The instructions weren’t very CLEAR for this one;)😏 #thefoodguy #clearfoods #foodiefam #mukbang #unique,https://www.tiktok.com/@tommywinkler/video/7378288150612888874,Train,21-Replying to @peterpop49 The instructions weren’t7378288150612888874.mp4,TRUE
"7,41E+18",2024-09-04T22:27:49.000Z,151,237100,2500000,5680,a limited space and limited equipment glute/lower body focused workout today!! #workout #womensworkouts #glutesworkout #lowerbodyworkout #fittok #gymtok #fyp #foryou,https://www.tiktok.com/@hannahsykesburch/video/7410918208422595870,Train,22-a limited space and limited equipment glute⧸lowe7410918208422595870.mp4,FALSE
"7,41E+18",2024-08-31T12:28:39.000Z,1411,209200,989800,2154,Smoke coming out the 📻 #JAEHYUN #재현  #J #JAEHYUN_J  #Smoke #JAEHYUN_Smoke  #NCT #NCT127 #NewMusic,https://www.tiktok.com/@official_nct/video/7409279474820238593,Train,23-Smoke coming out the 📻 #JAEHYUN #재현  #J #JAEHYUN7409279474820238593.mp4,FALSE
"7,30E+18",2023-11-14T11:36:28.000Z,340,44500,1900000,5323,WIDER LAT EXERCISE  #bodybuilding #workout #fitness #gym #gymmotivation #fitnessmotivation #exercise #backworkout #backexercise #gymlover,https://www.tiktok.com/@fitness__tip/video/7301280271662353682,Train,24-WIDER LAT EXERCISE  #bodybuilding #workout #fitn7301280271662353682.mp4,FALSE
"7,22E+18",2023-04-09T20:11:55.000Z,571,101700,3800000,4847,mukbang with BongGil ! #asmr #asmrfood #asmrvideo #korea #ramadan #bonggil #mukbang,https://www.tiktok.com/@doodoomukbang/video/7220145357659868442,Train,25-mukbang with BongGil ! #asmr #asmrfood #asmrvide7220145357659868442.mp4,TRUE
"7,40E+18",2024-07-24T23:45:22.000Z,5348,86500,4400000,36500,Would you try this swimming pool hot pot?! 🌶️🏊🤷🏽‍♂️ With @xiaofeng202208  #fyp #foryou #china #hotpot #foodporn,https://www.tiktok.com/@foodporn/video/7395352632916970798,Train,26-Would you try this swimming pool hot pot？! 🌶️🏊🤷🏽7395352632916970798.mp4,TRUE
"7,39E+18",2024-07-22T09:54:19.000Z,298,128200,820100,41400,#howlifefeels #fyppppppppppppppppppppppp #fyp #foryou #trending #drinking #drinktok #drunktok #drunk #alcohol #friends,https://www.tiktok.com/@rezpect100/video/7394396301426707745,Train,27-#howlifefeels #fyppppppppppppppppppppppp #fyp #f7394396301426707745.mp4,TRUE
"7,38E+18",2024-06-10T10:31:25.000Z,502,110700,1700000,46500,치킨과 다이어트 그리고 몸무게 여름이어따 #와다다곰 #couple #cute #wadadabear #chiken  #다이어터 #diet #틱톡 #tickok  #love  #다이어트,https://www.tiktok.com/@wadadabear/video/7378820294393236743,Train,28-치킨과 다이어트 그리고 몸무게 여름이어따 #와다다곰 #couple #cute #wada7378820294393236743.mp4,FALSE
7420878504859929889,2024-10-01T18:38:43.000Z,13,369,3863,192,#trend #trending #pourtoi #prt #alcohol #alcoholic #drunktok #drinkingtiktok #drunkmeme #relatable #howlifefeels #blackoutdrunk #real #yoursign,https://www.tiktok.com/@videosensation/video/7420878504859929889,Train,29-#trend #trending #pourtoi #prt #alcohol #alcohol7420878504859929889.mp4,TRUE
"7,27E+18",2023-08-09T11:53:43.000Z,8083,2900000,75100000,27800,회오리 오이무침 Let's cook spicy twister cucumber with music🎵 #food #tiktokfood #eating #koreanfood #foodie,https://www.tiktok.com/@ohmygarlic/video/7265289448483523848,Train,30-회오리 오이무침 Let's cook spicy twister cucumber with 7265289448483523848.mp4,FALSE
"7,42E+18",2024-10-01T07:58:23.000Z,124,18600,100400,141,#shun #dai #theboyfriend,https://www.tiktok.com/@_shuntheboyfriend/video/7420713491448745234,Train,31-#shun #dai #theboyfriend 7420713491448745234.mp4,FALSE
"7,13E+18",2022-08-06T01:37:15.000Z,4728,2100000,12300000,12300,If You Are Having a Party And the Cops Ring the Doorbell! 👮🏻‍♂️🚔 #lawyer,https://www.tiktok.com/@attorneypish/video/7128571251450350894,Train,32-If You Are Having a Party And the Cops Ring the 7128571251450350894.mp4,FALSE
"7,38E+18",2024-06-17T19:25:43.000Z,738,235500,1700000,4635,Cigarette duet x cigarette duet #cigaretteduet #princesschelsea #music #song #lyric #lyricsvideo #fyp #viral #trending #edit #foryou #xyzcba #parati #loathingmusic,https://www.tiktok.com/@loathing.music/video/7381555591367445765,Train,33-Cigarette duet x cigarette duet #cigaretteduet #7381555591367445765.mp4,FALSE
7374953322375105797,2024-05-31T00:25:34.000Z,3623,110400,2000000,32100,Quien mas sin tolerancia al alcohol! #tanga #escribir #humor #parati #viral #alcohol,https://www.tiktok.com/@davii_cho/video/7374953322375105797,Train,34-Quien mas sin tolerancia al alcohol! #tanga #esc7374953322375105797.mp4,TRUE
"7,39E+18",2024-07-16T02:05:43.000Z,2410,1500000,8700000,53600,i wrote this song☝🏽☝🏽 #cry #cas #cigarettesafters #nostalgic #trend #viral #lyricsvideo #songs #foryou #lyrics #foryoupage,https://www.tiktok.com/@1csky/video/7392049046376025349,Train,35-i wrote this song☝🏽☝🏽 #cry #cas #cigarettesafter7392049046376025349.mp4,FALSE
7334744470673542432,2024-02-12T15:54:45.000Z,3557,2200000,24400000,11400,she's probably an alcoholic as she's downing two glasses 😭 will exaggerating sm on the phone and pretending that he doesn't know it was her lmao #upgraded #upgradedmovie #edit #camilamendes #archierenaux #fypシ゚viral #anasantos #trending #willlaroche #movie #romcom #primevideo #anaandwill #camilamendesedit #archierenauxedit #shipedit #funnyscene,https://www.tiktok.com/@meditorialsx/video/7334744470673542432,Train,1-＂she's probably an alcoholic＂ as she's downing t7334744470673542432.mp4,TRUE
"7,39E+18",2024-07-09T12:42:29.000Z,119,2468,108800,235,photo From smoke #photography  #photo  #music  #effect,https://www.tiktok.com/@tik_tokeffect/video/7389615548918697222,Train,2-photo From smoke #photography  #photo  #music  #7389615548918697222.mp4,FALSE
"6,93E+18",2021-03-02T06:29:28.000Z,22,1926,232700,87,Shisha smoke #ahmedcheema775 #tiktokpakistan #foryoupage #viral #viral #viral #foryoupage #souchseyzyaada,https://www.tiktok.com/@ahmedcheema775/video/6934940088556195073,Train,3-Shisha smoke #ahmedcheema775 #tiktokpakistan #fo6934940088556195073.mp4,TRUE
"7,36E+18",2024-04-18T09:02:12.000Z,6028,595400,6800000,31200,Daftar program kelas diet pemula klik link di biodata #diet #dietsehat #dietpemula #dietkenyang #dietmakannasi #kelasdietpemula #kelasdietuntukpemula #coachtikasuganda #dietenjoy #dietflexible #tipsdietpemulacoachtika #dietuntukpemula #tukarlemakjadiduit #bodytransformation #defisitkalori,https://www.tiktok.com/@tikasuganda/video/7359129797835918598,Train,4-Daftar program kelas diet pemula klik link di bi7359129797835918598.mp4,FALSE
"7,35E+18",2024-04-01T09:42:48.000Z,291,30800,1500000,5510,K🎀 #famous #alphabet #viral #repost #trend #trendingvideo,https://www.tiktok.com/@princesskeytiktokfinds/video/7352831771081264389,Train,5-K🎀 #famous #alphabet #viral #repost #trend #tren7352831771081264389.mp4,FALSE
"7,14E+18",2022-09-19T06:03:30.000Z,883,181400,5100000,2325,Tips diet turunin BB #fitnessindonesia #olahraga #defisitkalori #kalori #gymtok #fatlosstips #fatloss #tipsdiet #diet #weightlosstips #fyp  #dietsehat #weightloss #tipskurus #debm #resepdebm,https://www.tiktok.com/@rsyx/video/7144967593957395739,Train,6-Tips diet turunin BB #fitnessindonesia #olahraga7144967593957395739.mp4,FALSE
6909935318867152133,2020-12-24T21:18:22.000Z,1508,2500000,11000000,2072,When you’re the family alcoholic and don’t make a face after a tequila shot #FelizNavidad #fyp #shotroulette #merrychristmas,https://www.tiktok.com/@t.hally13/video/6909935318867152133,Train,7-When you’re the family alcoholic and don’t make 6909935318867152133.mp4,TRUE
"7,40E+18",2024-08-15T09:51:17.000Z,2726,879800,4200000,176300,#drinktok #drunktok #drinkingtok #real #relatable #drunktiktok #alcohol #alcoholic #goingout #nightout #thisisyoursign #sign #gettingdrunk #bro,https://www.tiktok.com/@eybmk/video/7403301569157958945,Train,8-#drinktok #drunktok #drinkingtok #real #relatabl7403301569157958945.mp4,TRUE
"7,42E+18",2024-10-01T14:08:41.000Z,267,15500,134900,344,i love this song and @Addison Rae ‼️🥹‼️🥹 covered Diet Pepsi on @BBC Radio 1 live lounge 💘💘💘💘,https://www.tiktok.com/@camilacabello/video/7420808891606338858,Train,9-i love this song and @Addison Rae ‼️🥹‼️🥹 covered7420808891606338858.mp4,FALSE
"7,28E+18",2023-09-20T00:28:13.000Z,356,46300,2700000,1455,MUKBANG ASMR 🍗 #mukbang #mukbangeatingshow #asmr #asmrsounds #food #foodtiktok #coreanacomendo,https://www.tiktok.com/@asmr.comidas4/video/7280698374452530437,Train,10-MUKBANG ASMR 🍗 #mukbang #mukbangeatingshow #asmr7280698374452530437.mp4,TRUE
"7,38E+18",2024-06-19T05:50:26.000Z,4094,415400,12700000,7696,#Appleman #sidewhite #spinning #pooltable #👏😃😃😃😃,https://www.tiktok.com/@applemanug/video/7382087655321865477,Train,11-#Appleman #sidewhite #spinning #pooltable #👏😃😃😃😃7382087655321865477.mp4,FALSE
"7,36E+18",2024-04-17T16:59:55.000Z,11100,2300000,12300000,105500,"This is what it sounds like when you weren't expecting your 6ft, 270lb cousin to smoke the competition in track in field. 🏃‍♂️💨   @Robert Mejia-Gambill @Gabe💫💫",https://www.tiktok.com/@priscillat312/video/7358881686093942059,Train,12-This is what it sounds like when you weren't exp7358881686093942059.mp4,FALSE
"7,40E+18",2024-07-30T18:03:05.000Z,371,327200,4600000,14200,This is your sign babe to join me! 🖇️in b10  #fitnessmotivation  #workoutwomenfitness #combomoveworkouts #combomovesmethod  #workoutsforwomen #workoutmotivation,https://www.tiktok.com/@dr.robinb/video/7397490942158048554,Train,13-This is your sign babe to join me! 🖇️in b10  #fi7397490942158048554.mp4,FALSE
"7,42E+18",2024-10-02T14:48:23.000Z,127,15200,294900,125,When the $500 ramen hot pot is too small… #food #eating #hotpot #noodles #cooking #rice #relatable #ramen #soup #dumplings #kimchi,https://www.tiktok.com/@kimnlizasmr/video/7421190212832726314,Train,14-When the $500 ramen hot pot is too small… #food 7421190212832726314.mp4,TRUE
7412410211803106592,2024-09-08T22:57:41.000Z,1017,498800,2100000,161900,Dont worry not that often (totally) #fyp #foryoupage #real #relatable #stefansalvatore #paulwesley #viral #makemefamous #tvdu #drunk #alcohol,https://www.tiktok.com/@salvatorextvdx0/video/7412410211803106592,Train,15-Dont worry not that often (totally) #fyp #foryou7412410211803106592.mp4,TRUE
"7,37E+18",2024-05-06T21:54:17.000Z,1709,580400,8000000,33700,Smoked Cream Cheese #SmokedCreamCheese #Delicious #EasyRecipes,https://www.tiktok.com/@richardeats/video/7366008256566775083,Train,16-Smoked Cream Cheese #SmokedCreamCheese #Deliciou7366008256566775083.mp4,TRUE
"7,40E+18",2024-08-11T09:01:32.000Z,303,291100,2200000,5321,I've seen the most progress since cutting back to 4x weight sessions per week - quality > quantity 👏🏼❤️‍🔥 @DFYNE #gym #workoutsplit #gymsplit,https://www.tiktok.com/@madimilne_/video/7401804423321668882,Train,17-I've seen the most progress since cutting back t7401804423321668882.mp4,FALSE
"7,21E+18",2023-03-25T23:30:12.000Z,21,2690,103900,72,숨겨왔던 나의 비포 에프터..🔥 #fyp #diet #다이어트 #비포에프터 #beforeandafter #dieter,https://www.tiktok.com/@m.fitch.ysh/video/7214630210128383233,Train,18-숨겨왔던 나의 비포 에프터..🔥 #fyp #diet #다이어트 #비포에프터 #befor7214630210128383233.mp4,FALSE
"7,30E+18",2023-11-20T19:45:33.000Z,7,2098,94100,141,"just focus on your goal , not in they  ............................................................................................................................................................................................................................................................... #fypシ゚ #fypシ゚viral #loveyou #tiktokbangladesh #CapCut #CapCut #fypシ #amedit #aligntmotion #eidmubarak #messi #trend #foryou #tiktok #heart #friends #trending #anime #foryoupage #free #freefire_lover #free_fire #bts #bts_official_bighit #women #woman",https://www.tiktok.com/@cybre_ghost/video/7303632796013071624,Train,"19-just focus on your goal , not in they  .........7303632796013071624.mp4",TRUE
7420802012083686688,2024-10-01T13:41:59.000Z,74,47400,205200,11100,‘it was a sleepover’ #relatable #trending #real #drunktok #drinktok #drinkingtok #alcoholic #drunkaf #alcohol #clubbing #goingout #blackoutdrunk #drinking #LifelsGood #life #howlifefeels #projectx #partying #teens #teenager #field #sleepover #mum,https://www.tiktok.com/@pxnzya/video/7420802012083686688,Train,20-‘it was a sleepover’ #relatable #trending #real 7420802012083686688.mp4,TRUE
"7,36E+18",2024-04-09T15:07:48.000Z,2112,1300000,13600000,26900,yt: Rosie Graham at home workouts on my channel 🏃‍♀️ #summer #summerbody #workout #workoutroutine #workoutmotivation,https://www.tiktok.com/@rosiegraham_/video/7355884204476894507,Train,21-yt： Rosie Graham at home workouts on my channel 7355884204476894507.mp4,FALSE
"7,36E+18",2024-04-09T17:58:12.000Z,23100,2500000,22400000,225200,"Eating @Raising Cane's today🥰 Guys, remember to get your toast buttered on both sides😎 Their crispy chicken fingers always hit!! #raisingcanes #caneschicken #canesmukbang #fypシ #fypシ゚viral #viralfood #asmr #notalking  #mukbang #asmrmukbang #crunchasmr #crunch #crunchy #eatingsounds #eatingshow #eat #eating #eatwithme #Foodie #Food #asmrsounds #asmrvideo #asmrtiktoks #asmrfood #asmr_tingles #satisfying #crispymukbang #fyp",https://www.tiktok.com/@janemukbangs/video/7355927725376310558,Train,"22-Eating @Raising Cane's today🥰 Guys, remember to 7355927725376310558.mp4",TRUE
7377438272051481888,2024-06-06T17:08:44.000Z,4734,452600,21900000,165100,¿Qué le pasa a tu cuerpo cuando bebes alcohol? #alcohol #aprendersobretiktok #curiosidades,https://www.tiktok.com/@invenlab/video/7377438272051481888,Train,23-¿Qué le pasa a tu cuerpo cuando bebes alcohol？ #7377438272051481888.mp4,FALSE
"7,40E+18",2024-08-07T07:47:48.000Z,4070,360700,2400000,200500,#drinktok #drunktok #drinkingtok #real #relatable #alcohol #alcoholic #drinkingpartners #bro #nightout #goingout,https://www.tiktok.com/@eybmk/video/7400301060503391521,Train,24-#drinktok #drunktok #drinkingtok #real #relatabl7400301060503391521.mp4,TRUE
"7,39E+18",2024-07-16T17:13:53.000Z,4292,719000,5600000,37700,like how??? gotta be mailmans daughter #ihateithere #fypp #sister #minnesota #leggings #workout,https://www.tiktok.com/@erin_meyers/video/7392283015608618271,Train,25-like how？？？ gotta be mailmans daughter #ihateith7392283015608618271.mp4,FALSE
7372644320035327264,2024-05-24T19:05:28.000Z,4411,546000,2200000,119000,#trending #relatable #real #drunktok #drinkingtok #alcoholic #alcohol #drinking #drunkaf #LifelsGood #howlifefeels #thatonefriend #noonetodrinkwith,https://www.tiktok.com/@pxnzya/video/7372644320035327264,Train,26-#trending #relatable #real #drunktok #drinkingto7372644320035327264.mp4,TRUE
"7,37E+18",2024-05-06T22:43:37.000Z,864,522900,3300000,22500,workout routine 💦💦😝😝 #grwm #fyp #longervideos #gym #workout,https://www.tiktok.com/@grwm.ivii/video/7366021006051331333,Train,27-workout routine 💦💦😝😝 #grwm #fyp #longervideos #g7366021006051331333.mp4,FALSE
"7,33E+18",2024-02-03T04:10:34.000Z,5724,526000,49600000,40500,#food #foryou #viralvideo,https://www.tiktok.com/@foodamily/video/7331222889741520160,Train,28-#food #foryou #viralvideo 7331222889741520160.mp4,FALSE
"7,41E+18",2024-09-07T15:36:52.000Z,248,138200,2700000,17100,unreal i will be making it again once i get a mortage to pay for the steaks lol #carnivorediet,https://www.tiktok.com/@kateelisabethh/video/7411925584336424224,Train,29-unreal i will be making it again once i get a mo7411925584336424224.mp4,FALSE
"6,96E+18",2021-04-27T06:46:45.000Z,1769,252500,1700000,5989,Best video motivation to stop smoking cigarettes,https://www.tiktok.com/@noanimation_official/video/6955725205406764294,Train,30-Best video motivation to stop smoking cigarettes6955725205406764294.mp4,FALSE
"7,40E+18",2024-08-08T03:32:54.000Z,348,82600,342800,16400,#peda #humor #alcohol,https://www.tiktok.com/@tannnnff/video/7400606460859796741,Train,31-#peda #humor #alcohol 7400606460859796741.mp4,TRUE
"7,31E+18",2023-12-20T09:08:20.000Z,79,40700,521700,4003,Sunsetz.#cas #sunset #cigarettesafter #song #lyrics #foryou,https://www.tiktok.com/@ahmd_nfs07/video/7314601160709590278,Train,32-Sunsetz.#cas #sunset #cigarettesafter #song #lyr7314601160709590278.mp4,FALSE